ra,dec
0.00881952,44.62361998
2.18482,1.457616
2.39905164,-14.92112272
13.051898,-28.891032